{
    "art": 100,
    "pe": 100,
    "study": 100,
    "charm": 100,
    "hungry": 66.1009750366211,
    "fun": 100.0,
    "clean": 100.0,
    "sleep": 31.30027198791504,
    "coin": 0,
    "isSleep": false
}