{
    "art": 100,
    "pe": 100,
    "study": 100,
    "charm": 100,
    "hungry": 133.90174865722657,
    "fun": 100.0,
    "clean": 100.0,
    "sleep": 82.29950714111328,
    "coin": 0,
    "isSleep": false
}