{
    "art": 100,
    "pe": 100,
    "study": 100,
    "charm": 100,
    "hungry": 80.20196533203125,
    "fun": 110.0,
    "clean": 93.0,
    "sleep": 120.99884033203125,
    "coin": 0,
    "isSleep": false
}