{
    "art": 100,
    "pe": 100,
    "study": 100,
    "charm": 100,
    "hungry": 61.70104217529297,
    "fun": 100.0,
    "clean": 100.0,
    "sleep": 35.700218200683597,
    "coin": 0,
    "isSleep": false
}